FILENAME,GMATCHES,GRADELTA,GRASIGMA,GDEDELTA,GDESIGMA
/home/rsiverd/ucd_project/ucd_targets/wise1828/r39526912/SPITZER_I2_39526912_0001_0000_2_clean.fits.fcat[CATALOG],77,-2.5927413389581E-05,3.91087719514087E-05,-2.1979091897605E-05,4.02063103549833E-05
/home/rsiverd/ucd_project/ucd_targets/wise1828/r39526912/SPITZER_I2_39526912_0002_0000_2_clean.fits.fcat[CATALOG],81,1.09278696527326E-05,3.17723474476168E-05,-2.0405948731649E-05,3.05296048433082E-05
/home/rsiverd/ucd_project/ucd_targets/wise1828/r39526912/SPITZER_I2_39526912_0003_0000_2_clean.fits.fcat[CATALOG],89,-6.9011860944101E-05,4.01640185958311E-05,-3.6341664820582E-05,3.27642086637206E-05
/home/rsiverd/ucd_project/ucd_targets/wise1828/r39526912/SPITZER_I2_39526912_0004_0000_2_clean.fits.fcat[CATALOG],90,1.06598288311943E-05,3.70020999446702E-05,-1.8526119282213E-05,4.07638891406378E-05
/home/rsiverd/ucd_project/ucd_targets/wise1828/r39526912/SPITZER_I2_39526912_0005_0000_2_clean.fits.fcat[CATALOG],84,-1.8898510177223E-05,3.74379319915074E-05,-1.8074199118700E-05,3.81003692735690E-05
/home/rsiverd/ucd_project/ucd_targets/wise1828/r39526912/SPITZER_I2_39526912_0006_0000_2_clean.fits.fcat[CATALOG],85,-2.2299464490060E-05,3.80547387996859E-05,-3.2585943515073E-05,2.58816125630734E-05
/home/rsiverd/ucd_project/ucd_targets/wise1828/r39526912/SPITZER_I2_39526912_0007_0000_2_clean.fits.fcat[CATALOG],87,4.51834631576275E-06,3.74523179036389E-05,-1.8359877564932E-05,3.64969588852053E-05
/home/rsiverd/ucd_project/ucd_targets/wise1828/r39526912/SPITZER_I2_39526912_0008_0000_2_clean.fits.fcat[CATALOG],83,4.68364606831528E-06,3.71310144659952E-05,-4.4447177636186E-06,2.97666912167676E-05
/home/rsiverd/ucd_project/ucd_targets/wise1828/r39526912/SPITZER_I2_39526912_0009_0000_2_clean.fits.fcat[CATALOG],83,-1.5030096562895E-05,5.36994215769179E-05,-4.0311264690728E-05,3.46419472353435E-05
/home/rsiverd/ucd_project/ucd_targets/wise1828/r39526912/SPITZER_I2_39526912_0010_0000_2_clean.fits.fcat[CATALOG],73,-4.8071196374621E-06,4.26503024423903E-05,-6.3976419113487E-06,3.99686171774594E-05
/home/rsiverd/ucd_project/ucd_targets/wise1828/r39526912/SPITZER_I2_39526912_0011_0000_2_clean.fits.fcat[CATALOG],69,-2.2750141965843E-06,2.84166347644757E-05,-2.0611417788529E-05,2.81561120786953E-05
/home/rsiverd/ucd_project/ucd_targets/wise1828/r39526912/SPITZER_I2_39526912_0012_0000_2_clean.fits.fcat[CATALOG],81,2.95809064709828E-06,4.52842735503453E-05,-2.5194549792217E-05,3.95166639825020E-05
/home/rsiverd/ucd_project/ucd_targets/wise1828/r41027328/SPITZER_I2_41027328_0001_0000_2_clean.fits.fcat[CATALOG],136,3.39649669456321E-05,4.41994230966873E-05,-1.2417477039505E-05,3.13673659417665E-05
/home/rsiverd/ucd_project/ucd_targets/wise1828/r41027328/SPITZER_I2_41027328_0002_0000_2_clean.fits.fcat[CATALOG],139,5.60055673304304E-06,3.67155124249968E-05,-2.2839587664691E-05,3.75116302615986E-05
/home/rsiverd/ucd_project/ucd_targets/wise1828/r41027328/SPITZER_I2_41027328_0003_0000_2_clean.fits.fcat[CATALOG],133,6.77715167967107E-05,4.01081860908410E-05,-1.1419040241378E-05,3.34121225021693E-05
/home/rsiverd/ucd_project/ucd_targets/wise1828/r41027328/SPITZER_I2_41027328_0004_0000_2_clean.fits.fcat[CATALOG],130,4.35696323677348E-05,3.98033807792001E-05,-1.2672206599617E-05,3.29232998859682E-05
/home/rsiverd/ucd_project/ucd_targets/wise1828/r41027328/SPITZER_I2_41027328_0005_0000_2_clean.fits.fcat[CATALOG],141,3.26223090496569E-05,4.07816788372697E-05,-2.0610164476408E-05,3.04821680234353E-05
/home/rsiverd/ucd_project/ucd_targets/wise1828/r44584960/SPITZER_I2_44584960_0001_0000_2_clean.fits.fcat[CATALOG],131,1.99109726963797E-05,4.15687639477516E-05,-8.5875451460992E-06,2.92781543159068E-05
/home/rsiverd/ucd_project/ucd_targets/wise1828/r44584960/SPITZER_I2_44584960_0002_0000_2_clean.fits.fcat[CATALOG],123,1.80569558665411E-05,3.78538424664722E-05,-4.2540727747564E-05,3.61287885993379E-05
/home/rsiverd/ucd_project/ucd_targets/wise1828/r44584960/SPITZER_I2_44584960_0003_0000_2_clean.fits.fcat[CATALOG],144,7.03411138829324E-05,4.38781733956422E-05,-1.5492662971183E-05,3.86668388708422E-05
/home/rsiverd/ucd_project/ucd_targets/wise1828/r44584960/SPITZER_I2_44584960_0004_0000_2_clean.fits.fcat[CATALOG],121,5.22140338148346E-05,4.34283000525034E-05,-5.5948553914220E-06,3.84696539808791E-05
/home/rsiverd/ucd_project/ucd_targets/wise1828/r44584960/SPITZER_I2_44584960_0005_0000_2_clean.fits.fcat[CATALOG],126,3.99540049329516E-05,4.27549195724795E-05,-1.4912012483492E-05,3.49273047211418E-05
/home/rsiverd/ucd_project/ucd_targets/wise1828/r44586752/SPITZER_I2_44586752_0001_0000_2_clean.fits.fcat[CATALOG],131,2.83045604874132E-05,3.33896496059301E-05,-2.8934531925983E-07,3.79766274627939E-05
/home/rsiverd/ucd_project/ucd_targets/wise1828/r44586752/SPITZER_I2_44586752_0002_0000_2_clean.fits.fcat[CATALOG],142,2.18271638630085E-05,4.01763238133823E-05,-1.4760728630491E-05,3.47064984883065E-05
/home/rsiverd/ucd_project/ucd_targets/wise1828/r44586752/SPITZER_I2_44586752_0003_0000_2_clean.fits.fcat[CATALOG],146,7.18643152879394E-05,4.28346964989993E-05,-7.8452291649711E-06,4.02686529610574E-05
/home/rsiverd/ucd_project/ucd_targets/wise1828/r44586752/SPITZER_I2_44586752_0004_0000_2_clean.fits.fcat[CATALOG],135,4.85809333099496E-05,4.07849414209827E-05,-2.3797070060282E-05,3.75213998420035E-05
/home/rsiverd/ucd_project/ucd_targets/wise1828/r44586752/SPITZER_I2_44586752_0005_0000_2_clean.fits.fcat[CATALOG],142,2.6192320433438E-05,4.48535026672928E-05,2.74805136335487E-06,4.26115342564506E-05
/home/rsiverd/ucd_project/ucd_targets/wise1828/r46438912/SPITZER_I2_46438912_0001_0000_2_clean.fits.fcat[CATALOG],122,5.24396246248670E-05,3.66710997952296E-05,-4.3399281803857E-05,3.23312347934512E-05
/home/rsiverd/ucd_project/ucd_targets/wise1828/r46438912/SPITZER_I2_46438912_0002_0000_2_clean.fits.fcat[CATALOG],134,3.97911117886451E-05,4.11213515322433E-05,-6.3188048571305E-05,3.04409040748333E-05
/home/rsiverd/ucd_project/ucd_targets/wise1828/r46438912/SPITZER_I2_46438912_0003_0000_2_clean.fits.fcat[CATALOG],134,1.76285716122492E-05,3.32812478117341E-05,-4.5394337142568E-06,3.21807147904333E-05
/home/rsiverd/ucd_project/ucd_targets/wise1828/r46438912/SPITZER_I2_46438912_0004_0000_2_clean.fits.fcat[CATALOG],139,3.38657372935813E-05,3.83367255247363E-05,-3.1419015506628E-05,3.20837919075820E-05
/home/rsiverd/ucd_project/ucd_targets/wise1828/r46438912/SPITZER_I2_46438912_0005_0000_2_clean.fits.fcat[CATALOG],128,1.62280951485627E-05,4.08046591182438E-05,-2.5573028898051E-05,4.02142885839742E-05
/home/rsiverd/ucd_project/ucd_targets/wise1828/r46438912/SPITZER_I2_46438912_0006_0000_2_clean.fits.fcat[CATALOG],138,-1.3035355209467E-05,4.02565272089708E-05,-6.7657168298040E-05,3.13697911606582E-05
/home/rsiverd/ucd_project/ucd_targets/wise1828/r46438912/SPITZER_I2_46438912_0007_0000_2_clean.fits.fcat[CATALOG],129,3.86809512065156E-05,3.68905139541421E-05,7.19107810098762E-06,3.41701895623634E-05
/home/rsiverd/ucd_project/ucd_targets/wise1828/r46438912/SPITZER_I2_46438912_0008_0000_2_clean.fits.fcat[CATALOG],141,4.86710110294552E-05,4.58716451437842E-05,-7.2854554936441E-05,3.62854945785725E-05
/home/rsiverd/ucd_project/ucd_targets/wise1828/r46438912/SPITZER_I2_46438912_0009_0000_2_clean.fits.fcat[CATALOG],138,6.54317628061562E-05,3.69577576539087E-05,-5.2784849371434E-05,3.34852410627622E-05
/home/rsiverd/ucd_project/ucd_targets/wise1828/r46439168/SPITZER_I2_46439168_0001_0000_2_clean.fits.fcat[CATALOG],136,1.45907997364247E-05,3.78336239580181E-05,-3.4008158687370E-05,3.48981835451225E-05
/home/rsiverd/ucd_project/ucd_targets/wise1828/r46439168/SPITZER_I2_46439168_0002_0000_2_clean.fits.fcat[CATALOG],133,-2.1497249292679E-05,3.84193461612911E-05,-3.7200315894381E-05,3.81352896975635E-05
/home/rsiverd/ucd_project/ucd_targets/wise1828/r46439168/SPITZER_I2_46439168_0003_0000_2_clean.fits.fcat[CATALOG],122,6.06918638652587E-05,4.24836168651962E-05,-2.9127604697976E-05,3.26296615953358E-05
/home/rsiverd/ucd_project/ucd_targets/wise1828/r46439168/SPITZER_I2_46439168_0004_0000_2_clean.fits.fcat[CATALOG],131,3.10723874008545E-05,3.84049369362615E-05,-1.4929206685110E-05,3.42935393262800E-05
/home/rsiverd/ucd_project/ucd_targets/wise1828/r46439168/SPITZER_I2_46439168_0005_0000_2_clean.fits.fcat[CATALOG],112,4.61060083409847E-05,3.66548177006768E-05,-3.3128922201086E-05,3.39666022163579E-05
/home/rsiverd/ucd_project/ucd_targets/wise1828/r46439168/SPITZER_I2_46439168_0006_0000_2_clean.fits.fcat[CATALOG],131,7.71227223594905E-05,3.96246489230145E-05,-3.3078249906282E-05,3.09825325777114E-05
/home/rsiverd/ucd_project/ucd_targets/wise1828/r46439168/SPITZER_I2_46439168_0007_0000_2_clean.fits.fcat[CATALOG],127,2.02063558276677E-05,2.89748954695148E-05,-2.2299192394825E-05,3.49077739714897E-05
/home/rsiverd/ucd_project/ucd_targets/wise1828/r46439168/SPITZER_I2_46439168_0008_0000_2_clean.fits.fcat[CATALOG],130,2.86837790497429E-05,3.44293094553445E-05,-3.7716023451039E-05,3.27201286582049E-05
/home/rsiverd/ucd_project/ucd_targets/wise1828/r46439168/SPITZER_I2_46439168_0009_0000_2_clean.fits.fcat[CATALOG],145,-2.9246849067021E-06,4.30242350896029E-05,-4.2053346632542E-05,3.05010824475646E-05
/home/rsiverd/ucd_project/ucd_targets/wise1828/r46651136/SPITZER_I2_46651136_0001_0000_2_clean.fits.fcat[CATALOG],128,5.89657294369772E-05,3.44120600914831E-05,-2.0655710450512E-05,3.39343319661040E-05
/home/rsiverd/ucd_project/ucd_targets/wise1828/r46651136/SPITZER_I2_46651136_0002_0000_2_clean.fits.fcat[CATALOG],125,5.69992073451430E-05,3.3824650436815E-05,-3.1758687907057E-05,3.63911428882839E-05
/home/rsiverd/ucd_project/ucd_targets/wise1828/r46651136/SPITZER_I2_46651136_0003_0000_2_clean.fits.fcat[CATALOG],142,4.77786443298100E-07,4.20808152338207E-05,-1.5537474489235E-06,3.12992363420003E-05
/home/rsiverd/ucd_project/ucd_targets/wise1828/r46651136/SPITZER_I2_46651136_0004_0000_2_clean.fits.fcat[CATALOG],126,-3.4372820607586E-05,4.12861901548391E-05,-1.0131174207117E-05,3.03328260203360E-05
/home/rsiverd/ucd_project/ucd_targets/wise1828/r46651136/SPITZER_I2_46651136_0005_0000_2_clean.fits.fcat[CATALOG],140,-1.6216533225588E-05,3.36458260453849E-05,9.26736642092862E-06,3.12716868008375E-05
/home/rsiverd/ucd_project/ucd_targets/wise1828/r46651136/SPITZER_I2_46651136_0006_0000_2_clean.fits.fcat[CATALOG],128,4.85336020119575E-05,3.79220799509403E-05,-5.9181675057473E-05,3.09403157413991E-05
/home/rsiverd/ucd_project/ucd_targets/wise1828/r46651136/SPITZER_I2_46651136_0007_0000_2_clean.fits.fcat[CATALOG],127,-4.4813404770138E-05,3.30233627675631E-05,5.21842230227775E-06,3.44961972396892E-05
/home/rsiverd/ucd_project/ucd_targets/wise1828/r46651136/SPITZER_I2_46651136_0008_0000_2_clean.fits.fcat[CATALOG],132,-1.7807652739065E-06,2.45290055514843E-05,-5.5795183229179E-06,4.81503201937968E-05
/home/rsiverd/ucd_project/ucd_targets/wise1828/r46651136/SPITZER_I2_46651136_0009_0000_2_clean.fits.fcat[CATALOG],129,3.66933109035017E-05,3.31405401138518E-05,-1.9607132443866E-05,3.62995900038836E-05
/home/rsiverd/ucd_project/ucd_targets/wise1828/r46651648/SPITZER_I2_46651648_0001_0000_2_clean.fits.fcat[CATALOG],133,-1.6166335853995E-05,3.58308072457808E-05,-7.7648406460184E-06,3.22224854416599E-05
/home/rsiverd/ucd_project/ucd_targets/wise1828/r46651648/SPITZER_I2_46651648_0002_0000_2_clean.fits.fcat[CATALOG],125,-4.1719392697814E-05,3.30086011627607E-05,-1.5687199475422E-05,3.58598384747562E-05
/home/rsiverd/ucd_project/ucd_targets/wise1828/r46651648/SPITZER_I2_46651648_0003_0000_2_clean.fits.fcat[CATALOG],134,4.02577888962696E-05,3.77430592170825E-05,2.04912685397573E-06,3.45318166134405E-05
/home/rsiverd/ucd_project/ucd_targets/wise1828/r46651648/SPITZER_I2_46651648_0004_0000_2_clean.fits.fcat[CATALOG],131,4.79473577570388E-05,3.44418442938795E-05,-2.8592361260848E-05,3.95047143801390E-05
/home/rsiverd/ucd_project/ucd_targets/wise1828/r46651648/SPITZER_I2_46651648_0005_0000_2_clean.fits.fcat[CATALOG],134,2.96362227061308E-05,3.74551700728954E-05,-1.4964487506929E-05,3.53826323994840E-05
/home/rsiverd/ucd_project/ucd_targets/wise1828/r46651648/SPITZER_I2_46651648_0006_0000_2_clean.fits.fcat[CATALOG],135,3.10458506760369E-05,3.91361140935042E-05,2.36078223991853E-06,3.31154693346073E-05
/home/rsiverd/ucd_project/ucd_targets/wise1828/r46651648/SPITZER_I2_46651648_0007_0000_2_clean.fits.fcat[CATALOG],142,-2.8944761311322E-05,4.05746357577421E-05,-2.2212737494697E-05,3.16520906523854E-05
/home/rsiverd/ucd_project/ucd_targets/wise1828/r46651648/SPITZER_I2_46651648_0008_0000_2_clean.fits.fcat[CATALOG],137,2.75394399977813E-05,3.50040127589191E-05,-1.3142606750449E-05,3.95120735564826E-05
/home/rsiverd/ucd_project/ucd_targets/wise1828/r46651648/SPITZER_I2_46651648_0009_0000_2_clean.fits.fcat[CATALOG],134,-2.4055205017248E-05,3.48677169400703E-05,-1.4776345679479E-05,3.62478134783067E-05
/home/rsiverd/ucd_project/ucd_targets/wise1828/r46652160/SPITZER_I2_46652160_0001_0000_2_clean.fits.fcat[CATALOG],132,-1.0354010271385E-06,3.50280307851565E-05,-9.5871645342526E-06,3.09643142708692E-05
/home/rsiverd/ucd_project/ucd_targets/wise1828/r46652160/SPITZER_I2_46652160_0002_0000_2_clean.fits.fcat[CATALOG],144,-1.0491748980712E-06,3.47364514399246E-05,-4.2122728558524E-06,3.64116504679820E-05
/home/rsiverd/ucd_project/ucd_targets/wise1828/r46652160/SPITZER_I2_46652160_0003_0000_2_clean.fits.fcat[CATALOG],127,4.90765928020664E-05,4.21268653286745E-05,-1.7060307172300E-05,2.93062486255324E-05
/home/rsiverd/ucd_project/ucd_targets/wise1828/r46652160/SPITZER_I2_46652160_0004_0000_2_clean.fits.fcat[CATALOG],135,6.97167357657235E-05,3.56392722683792E-05,-1.9536422371402E-05,3.21094093758643E-05
/home/rsiverd/ucd_project/ucd_targets/wise1828/r46652160/SPITZER_I2_46652160_0005_0000_2_clean.fits.fcat[CATALOG],121,-8.2371155372129E-06,3.68560728923947E-05,-2.4906117985779E-06,2.91942079860883E-05
/home/rsiverd/ucd_project/ucd_targets/wise1828/r46652160/SPITZER_I2_46652160_0006_0000_2_clean.fits.fcat[CATALOG],129,7.04759095242479E-05,3.53241468224427E-05,-3.6950290898118E-06,3.58890840443907E-05
/home/rsiverd/ucd_project/ucd_targets/wise1828/r46652160/SPITZER_I2_46652160_0007_0000_2_clean.fits.fcat[CATALOG],115,-7.2477344019716E-06,4.16112044411914E-05,-3.0414608602313E-05,3.17158324438433E-05
/home/rsiverd/ucd_project/ucd_targets/wise1828/r46652160/SPITZER_I2_46652160_0008_0000_2_clean.fits.fcat[CATALOG],128,1.93886360762007E-05,3.98002674169963E-05,-1.5395141526042E-05,3.25012217273263E-05
/home/rsiverd/ucd_project/ucd_targets/wise1828/r46652160/SPITZER_I2_46652160_0009_0000_2_clean.fits.fcat[CATALOG],141,2.06954499617495E-05,3.52817004507395E-05,-1.6808292205183E-05,3.71596200238919E-05
/home/rsiverd/ucd_project/ucd_targets/wise1828/r46655232/SPITZER_I2_46655232_0001_0000_2_clean.fits.fcat[CATALOG],128,-2.3930020631723E-06,3.87354790130664E-05,-1.7287607024130E-05,3.62684015759929E-05
/home/rsiverd/ucd_project/ucd_targets/wise1828/r46655232/SPITZER_I2_46655232_0002_0000_2_clean.fits.fcat[CATALOG],126,2.14893137524541E-05,3.55080047245362E-05,-2.1085377211349E-05,3.88002820101687E-05
/home/rsiverd/ucd_project/ucd_targets/wise1828/r46655232/SPITZER_I2_46655232_0003_0000_2_clean.fits.fcat[CATALOG],134,4.29700378390407E-06,3.26355121411676E-05,-1.8597998270308E-06,3.88729109933199E-05
/home/rsiverd/ucd_project/ucd_targets/wise1828/r46655232/SPITZER_I2_46655232_0004_0000_2_clean.fits.fcat[CATALOG],133,4.03449633950003E-05,3.93973588286153E-05,-6.8689023393631E-06,2.89530336651159E-05
/home/rsiverd/ucd_project/ucd_targets/wise1828/r46655232/SPITZER_I2_46655232_0005_0000_2_clean.fits.fcat[CATALOG],126,-1.4911394401906E-05,4.10614185592351E-05,-2.0986346084939E-05,3.46928258838274E-05
/home/rsiverd/ucd_project/ucd_targets/wise1828/r46655232/SPITZER_I2_46655232_0006_0000_2_clean.fits.fcat[CATALOG],143,2.95911074204013E-05,4.23800825259877E-05,-1.4691477517203E-05,3.95141076647715E-05
/home/rsiverd/ucd_project/ucd_targets/wise1828/r46655232/SPITZER_I2_46655232_0007_0000_2_clean.fits.fcat[CATALOG],132,-9.2879682824786E-06,3.95141432688235E-05,5.83552794175545E-06,3.89284670151619E-05
/home/rsiverd/ucd_project/ucd_targets/wise1828/r46655232/SPITZER_I2_46655232_0008_0000_2_clean.fits.fcat[CATALOG],135,-4.4687123136100E-05,3.68760589039403E-05,-1.3545352153698E-05,3.31433741242253E-05
/home/rsiverd/ucd_project/ucd_targets/wise1828/r46655232/SPITZER_I2_46655232_0009_0000_2_clean.fits.fcat[CATALOG],133,-7.3781893092927E-06,3.59934212090137E-05,-1.1478038985046E-05,3.03840874591253E-05
/home/rsiverd/ucd_project/ucd_targets/wise1828/r46655744/SPITZER_I2_46655744_0001_0000_2_clean.fits.fcat[CATALOG],129,2.56124581596850E-05,3.45480725632840E-05,-3.2141599419333E-05,3.90929966437567E-05
/home/rsiverd/ucd_project/ucd_targets/wise1828/r46655744/SPITZER_I2_46655744_0002_0000_2_clean.fits.fcat[CATALOG],136,4.93558053165088E-05,4.13790570681533E-05,-2.9162143908578E-05,3.87685804443769E-05
/home/rsiverd/ucd_project/ucd_targets/wise1828/r46655744/SPITZER_I2_46655744_0003_0000_2_clean.fits.fcat[CATALOG],142,3.27470663989970E-05,4.05166781762288E-05,-4.8546638831581E-05,3.27562158220304E-05
/home/rsiverd/ucd_project/ucd_targets/wise1828/r46655744/SPITZER_I2_46655744_0004_0000_2_clean.fits.fcat[CATALOG],141,2.27405822670334E-05,4.07273709304936E-05,-4.0593910295427E-05,3.85228355207227E-05
/home/rsiverd/ucd_project/ucd_targets/wise1828/r46655744/SPITZER_I2_46655744_0005_0000_2_clean.fits.fcat[CATALOG],132,4.85374059735477E-05,3.74502603955422E-05,-4.8509727033518E-05,2.89615665584365E-05
/home/rsiverd/ucd_project/ucd_targets/wise1828/r46655744/SPITZER_I2_46655744_0006_0000_2_clean.fits.fcat[CATALOG],135,4.33914999575790E-05,4.03186684390906E-05,-2.8421479147056E-05,3.76928316626540E-05
/home/rsiverd/ucd_project/ucd_targets/wise1828/r46655744/SPITZER_I2_46655744_0007_0000_2_clean.fits.fcat[CATALOG],131,3.44782621368722E-05,3.97486729503517E-05,-5.4853058273351E-05,3.14422536305402E-05
/home/rsiverd/ucd_project/ucd_targets/wise1828/r46655744/SPITZER_I2_46655744_0008_0000_2_clean.fits.fcat[CATALOG],130,2.50999453328404E-05,4.11376174352353E-05,-3.5950590421052E-05,3.83029828985293E-05
/home/rsiverd/ucd_project/ucd_targets/wise1828/r46655744/SPITZER_I2_46655744_0009_0000_2_clean.fits.fcat[CATALOG],138,2.95721238785517E-05,4.13164911598335E-05,-4.5922701691125E-05,4.05979065525314E-05
/home/rsiverd/ucd_project/ucd_targets/wise1828/r46656256/SPITZER_I2_46656256_0001_0000_2_clean.fits.fcat[CATALOG],140,4.30041689583049E-05,3.44745013342653E-05,-2.9117790367294E-05,3.31705123917095E-05
/home/rsiverd/ucd_project/ucd_targets/wise1828/r46656256/SPITZER_I2_46656256_0002_0000_2_clean.fits.fcat[CATALOG],133,1.96554302078766E-05,4.18389221529222E-05,-5.7976741238974E-06,3.62182346424732E-05
/home/rsiverd/ucd_project/ucd_targets/wise1828/r46656256/SPITZER_I2_46656256_0003_0000_2_clean.fits.fcat[CATALOG],129,5.57506585892042E-05,3.42380152339169E-05,-2.4632917455136E-05,3.22828445808693E-05
/home/rsiverd/ucd_project/ucd_targets/wise1828/r46656256/SPITZER_I2_46656256_0004_0000_2_clean.fits.fcat[CATALOG],138,4.74091941669030E-05,4.03435205677394E-05,-3.0487579413929E-05,3.13431148464644E-05
/home/rsiverd/ucd_project/ucd_targets/wise1828/r46656256/SPITZER_I2_46656256_0005_0000_2_clean.fits.fcat[CATALOG],125,5.01441674032321E-05,3.34324795817305E-05,-6.9401278782521E-05,3.23519776314195E-05
/home/rsiverd/ucd_project/ucd_targets/wise1828/r46656256/SPITZER_I2_46656256_0006_0000_2_clean.fits.fcat[CATALOG],145,6.76895104447794E-05,4.01998838828636E-05,1.29019239878402E-05,3.70261437831209E-05
/home/rsiverd/ucd_project/ucd_targets/wise1828/r46656256/SPITZER_I2_46656256_0007_0000_2_clean.fits.fcat[CATALOG],124,-1.8365929292940E-05,3.56880171361909E-05,-3.4206806425629E-05,3.82464423649993E-05
/home/rsiverd/ucd_project/ucd_targets/wise1828/r46656256/SPITZER_I2_46656256_0008_0000_2_clean.fits.fcat[CATALOG],135,6.03081120402748E-05,3.42585655376873E-05,-4.9477174329126E-05,2.90861007015835E-05
/home/rsiverd/ucd_project/ucd_targets/wise1828/r46656256/SPITZER_I2_46656256_0009_0000_2_clean.fits.fcat[CATALOG],154,3.77600353260731E-05,3.57427957780987E-05,-3.7888893306359E-05,3.19746385206458E-05
/home/rsiverd/ucd_project/ucd_targets/wise1828/r46656768/SPITZER_I2_46656768_0001_0000_2_clean.fits.fcat[CATALOG],120,2.67145077827990E-05,3.67428074356393E-05,-2.2106995910320E-05,2.27758129282576E-05
/home/rsiverd/ucd_project/ucd_targets/wise1828/r46656768/SPITZER_I2_46656768_0002_0000_2_clean.fits.fcat[CATALOG],133,6.54411209666250E-05,4.07139087800933E-05,-1.2771443742565E-06,3.65797853623766E-05
/home/rsiverd/ucd_project/ucd_targets/wise1828/r46656768/SPITZER_I2_46656768_0003_0000_2_clean.fits.fcat[CATALOG],127,4.08186242566444E-05,3.50271115111317E-05,-2.7800250528287E-05,2.60610562198163E-05
/home/rsiverd/ucd_project/ucd_targets/wise1828/r46656768/SPITZER_I2_46656768_0004_0000_2_clean.fits.fcat[CATALOG],147,4.08924813655176E-05,3.66382300733719E-05,-4.8992194134456E-05,3.86021247488961E-05
/home/rsiverd/ucd_project/ucd_targets/wise1828/r46656768/SPITZER_I2_46656768_0005_0000_2_clean.fits.fcat[CATALOG],126,-1.8520225353313E-06,3.46837253654225E-05,-2.0452778356272E-05,3.60557257426655E-05
/home/rsiverd/ucd_project/ucd_targets/wise1828/r46656768/SPITZER_I2_46656768_0006_0000_2_clean.fits.fcat[CATALOG],130,5.05113087569952E-05,3.56641404411056E-05,-1.5985588653677E-05,2.96363640633994E-05
/home/rsiverd/ucd_project/ucd_targets/wise1828/r46656768/SPITZER_I2_46656768_0007_0000_2_clean.fits.fcat[CATALOG],120,2.64867960027004E-05,3.44772629382329E-05,-3.5504307271949E-05,3.87628888230078E-05
/home/rsiverd/ucd_project/ucd_targets/wise1828/r46656768/SPITZER_I2_46656768_0008_0000_2_clean.fits.fcat[CATALOG],138,-6.8551075287359E-06,3.90498793572943E-05,-3.9790590355082E-05,3.38636543748305E-05
/home/rsiverd/ucd_project/ucd_targets/wise1828/r46656768/SPITZER_I2_46656768_0009_0000_2_clean.fits.fcat[CATALOG],128,1.77084876895605E-05,3.27476028406620E-05,-3.6769051723339E-05,3.26523620221146E-05
/home/rsiverd/ucd_project/ucd_targets/wise1828/r46657280/SPITZER_I2_46657280_0001_0000_2_clean.fits.fcat[CATALOG],135,1.97519039488725E-05,3.69266100314904E-05,-1.9477512701371E-05,3.01319696274471E-05
/home/rsiverd/ucd_project/ucd_targets/wise1828/r46657280/SPITZER_I2_46657280_0002_0000_2_clean.fits.fcat[CATALOG],138,-2.0180061710561E-06,3.24073693825286E-05,-3.7388230193613E-05,3.37344912433866E-05
/home/rsiverd/ucd_project/ucd_targets/wise1828/r46657280/SPITZER_I2_46657280_0003_0000_2_clean.fits.fcat[CATALOG],147,-1.9474479358905E-05,4.13041456371998E-05,9.18998001253612E-07,3.84661779269218E-05
/home/rsiverd/ucd_project/ucd_targets/wise1828/r46657280/SPITZER_I2_46657280_0004_0000_2_clean.fits.fcat[CATALOG],118,-4.5862006345487E-05,3.60265909962062E-05,-3.7258577997079E-05,3.92469733837099E-05
/home/rsiverd/ucd_project/ucd_targets/wise1828/r46657280/SPITZER_I2_46657280_0005_0000_2_clean.fits.fcat[CATALOG],134,4.75123249543685E-06,3.08106997710018E-05,1.87413016590198E-05,2.90210397146870E-05
/home/rsiverd/ucd_project/ucd_targets/wise1828/r46657280/SPITZER_I2_46657280_0006_0000_2_clean.fits.fcat[CATALOG],132,7.52501773604308E-06,3.77500329339362E-05,-5.8111018628181E-05,3.24910466935664E-05
/home/rsiverd/ucd_project/ucd_targets/wise1828/r46657280/SPITZER_I2_46657280_0007_0000_2_clean.fits.fcat[CATALOG],131,-3.7309873846425E-05,3.98255316456253E-05,-2.8884592921940E-06,3.44871083803670E-05
/home/rsiverd/ucd_project/ucd_targets/wise1828/r46657280/SPITZER_I2_46657280_0008_0000_2_clean.fits.fcat[CATALOG],132,2.86681175225567E-05,3.34775591099703E-05,-9.5471607490793E-06,3.47838078787583E-05
/home/rsiverd/ucd_project/ucd_targets/wise1828/r46657280/SPITZER_I2_46657280_0009_0000_2_clean.fits.fcat[CATALOG],132,3.66674871088434E-06,4.11310440302313E-05,-2.4519116278654E-05,3.83053276165516E-05
/home/rsiverd/ucd_project/ucd_targets/wise1828/r46657792/SPITZER_I2_46657792_0001_0000_3_clean.fits.fcat[CATALOG],135,5.70874533423193E-05,3.55745445180533E-05,-1.2623931738176E-05,4.12725509480879E-05
/home/rsiverd/ucd_project/ucd_targets/wise1828/r46657792/SPITZER_I2_46657792_0002_0000_3_clean.fits.fcat[CATALOG],133,5.58288732008804E-05,3.62328615054675E-05,1.99470603909901E-05,3.48011213925936E-05
/home/rsiverd/ucd_project/ucd_targets/wise1828/r46657792/SPITZER_I2_46657792_0003_0000_3_clean.fits.fcat[CATALOG],134,2.34687095712615E-06,3.78896144071020E-05,-2.2949389272497E-05,3.16069485385483E-05
/home/rsiverd/ucd_project/ucd_targets/wise1828/r46657792/SPITZER_I2_46657792_0004_0000_3_clean.fits.fcat[CATALOG],128,3.48447820499586E-05,3.50344577919032E-05,-1.1352754748727E-05,3.67670480411907E-05
/home/rsiverd/ucd_project/ucd_targets/wise1828/r46657792/SPITZER_I2_46657792_0005_0000_3_clean.fits.fcat[CATALOG],117,3.81448604116485E-05,3.16169075362493E-05,-2.7501837674748E-05,3.57346240674613E-05
/home/rsiverd/ucd_project/ucd_targets/wise1828/r46657792/SPITZER_I2_46657792_0006_0000_3_clean.fits.fcat[CATALOG],128,-2.1366202503259E-05,3.29156245007926E-05,3.73359279137730E-06,3.80639507114470E-05
/home/rsiverd/ucd_project/ucd_targets/wise1828/r46657792/SPITZER_I2_46657792_0007_0000_3_clean.fits.fcat[CATALOG],120,8.74231918999157E-05,3.88584892927823E-05,-6.1607569374899E-06,2.86983045314262E-05
/home/rsiverd/ucd_project/ucd_targets/wise1828/r46657792/SPITZER_I2_46657792_0008_0000_3_clean.fits.fcat[CATALOG],127,4.35151530382427E-05,3.14597012593797E-05,-3.4161403377197E-05,3.40436922425001E-05
/home/rsiverd/ucd_project/ucd_targets/wise1828/r46657792/SPITZER_I2_46657792_0009_0000_3_clean.fits.fcat[CATALOG],127,3.27306179883635E-05,2.97525905492148E-05,-6.4988365622298E-06,3.12477968520062E-05
/home/rsiverd/ucd_project/ucd_targets/wise1828/r46658304/SPITZER_I2_46658304_0001_0000_2_clean.fits.fcat[CATALOG],130,-3.0899996545485E-05,4.21329231636197E-05,-7.1267191597002E-06,3.44774140236942E-05
/home/rsiverd/ucd_project/ucd_targets/wise1828/r46658304/SPITZER_I2_46658304_0002_0000_2_clean.fits.fcat[CATALOG],134,-9.3428588741062E-06,2.93621847217482E-05,-2.1714256050131E-05,2.96532210386887E-05
/home/rsiverd/ucd_project/ucd_targets/wise1828/r46658304/SPITZER_I2_46658304_0003_0000_2_clean.fits.fcat[CATALOG],132,-7.5057710660075E-06,3.40332651828025E-05,-1.6121176225070E-05,3.51465289900215E-05
/home/rsiverd/ucd_project/ucd_targets/wise1828/r46658304/SPITZER_I2_46658304_0004_0000_2_clean.fits.fcat[CATALOG],135,-1.4257297209496E-05,3.87952698964369E-05,-2.0328946799708E-05,3.69752819398338E-05
/home/rsiverd/ucd_project/ucd_targets/wise1828/r46658304/SPITZER_I2_46658304_0005_0000_2_clean.fits.fcat[CATALOG],124,-1.9501377238384E-05,3.73609630313882E-05,5.52979807544318E-06,3.05743056416425E-05
/home/rsiverd/ucd_project/ucd_targets/wise1828/r46658304/SPITZER_I2_46658304_0006_0000_2_clean.fits.fcat[CATALOG],130,6.44070269117946E-07,3.40606821516103E-05,-2.7606090876375E-05,4.02924373151286E-05
/home/rsiverd/ucd_project/ucd_targets/wise1828/r46658304/SPITZER_I2_46658304_0007_0000_2_clean.fits.fcat[CATALOG],133,-2.5928774334715E-05,3.72629258377068E-05,-1.8869617509409E-05,3.56929225417952E-05
/home/rsiverd/ucd_project/ucd_targets/wise1828/r46658304/SPITZER_I2_46658304_0008_0000_2_clean.fits.fcat[CATALOG],131,1.89076504284457E-05,3.82363332121670E-05,-6.2993204750227E-06,3.64233251324795E-05
/home/rsiverd/ucd_project/ucd_targets/wise1828/r46658304/SPITZER_I2_46658304_0009_0000_2_clean.fits.fcat[CATALOG],136,-1.7452523024985E-05,3.92036882190992E-05,-1.5390548449900E-05,3.49429664890286E-05
/home/rsiverd/ucd_project/ucd_targets/wise1828/r61240320/SPITZER_I2_61240320_0001_0000_1_clean.fits.fcat[CATALOG],122,-8.0826197915939E-05,3.81612013779368E-05,-9.3808138750262E-06,3.35848880934285E-05
/home/rsiverd/ucd_project/ucd_targets/wise1828/r61240320/SPITZER_I2_61240320_0002_0000_1_clean.fits.fcat[CATALOG],125,-9.878110944328E-05,3.94103826586093E-05,2.95889332946330E-06,3.54685030942047E-05
/home/rsiverd/ucd_project/ucd_targets/wise1828/r61240320/SPITZER_I2_61240320_0003_0000_1_clean.fits.fcat[CATALOG],138,-3.3207809792656E-05,3.76295958166520E-05,-4.1798518047642E-05,3.82497282089377E-05
/home/rsiverd/ucd_project/ucd_targets/wise1828/r61240320/SPITZER_I2_61240320_0004_0000_1_clean.fits.fcat[CATALOG],122,-5.1876303189146E-05,4.08149298034915E-05,-1.0774567732241E-05,4.08481418077824E-05
/home/rsiverd/ucd_project/ucd_targets/wise1828/r61240320/SPITZER_I2_61240320_0005_0000_1_clean.fits.fcat[CATALOG],130,-5.8019359613581E-05,3.46883133500663E-05,-2.0178806177995E-05,3.21552418531641E-05
/home/rsiverd/ucd_project/ucd_targets/wise1828/r61240320/SPITZER_I2_61240320_0006_0000_1_clean.fits.fcat[CATALOG],131,-0.00010029631965835,4.19681804051773E-05,2.03546312249613E-06,3.80855907285962E-05
/home/rsiverd/ucd_project/ucd_targets/wise1828/r61240320/SPITZER_I2_61240320_0007_0000_1_clean.fits.fcat[CATALOG],136,-4.6211911922000E-05,3.58404512849659E-05,-4.1147711565159E-05,3.02773937020981E-05
/home/rsiverd/ucd_project/ucd_targets/wise1828/r61240320/SPITZER_I2_61240320_0008_0000_1_clean.fits.fcat[CATALOG],129,-8.5415322644166E-05,4.43655855821736E-05,-1.0940160635186E-05,4.25332233884625E-05
/home/rsiverd/ucd_project/ucd_targets/wise1828/r61240320/SPITZER_I2_61240320_0009_0000_1_clean.fits.fcat[CATALOG],126,-8.0511882714517E-05,3.52641840156672E-05,-1.3613679657353E-05,3.94099838525379E-05
/home/rsiverd/ucd_project/ucd_targets/wise1828/r61240576/SPITZER_I2_61240576_0001_0000_1_clean.fits.fcat[CATALOG],133,2.04883120886734E-05,4.01335317302588E-05,-5.0258349233445E-06,3.24248906608476E-05
/home/rsiverd/ucd_project/ucd_targets/wise1828/r61240576/SPITZER_I2_61240576_0002_0000_1_clean.fits.fcat[CATALOG],147,4.21625145463622E-06,3.67460439780130E-05,7.32939705727631E-06,3.33779403249920E-05
/home/rsiverd/ucd_project/ucd_targets/wise1828/r61240576/SPITZER_I2_61240576_0003_0000_1_clean.fits.fcat[CATALOG],134,4.50272806347129E-05,3.53190156356879E-05,-2.4887923357752E-05,3.55367864328149E-05
/home/rsiverd/ucd_project/ucd_targets/wise1828/r61240576/SPITZER_I2_61240576_0004_0000_1_clean.fits.fcat[CATALOG],117,4.22890593654301E-05,3.4307137713074E-05,-1.0400048537917E-05,2.368065660228E-05
/home/rsiverd/ucd_project/ucd_targets/wise1828/r61240576/SPITZER_I2_61240576_0005_0000_1_clean.fits.fcat[CATALOG],122,3.15857845691880E-05,4.14433480782512E-05,-2.0755379653181E-05,4.14702791540665E-05
/home/rsiverd/ucd_project/ucd_targets/wise1828/r61240576/SPITZER_I2_61240576_0006_0000_1_clean.fits.fcat[CATALOG],122,-1.6276212704724E-05,3.74026915912723E-05,1.39755226875593E-05,2.66494815044931E-05
/home/rsiverd/ucd_project/ucd_targets/wise1828/r61240576/SPITZER_I2_61240576_0007_0000_1_clean.fits.fcat[CATALOG],127,3.90492695601096E-05,4.00591448553117E-05,-3.9723052498885E-05,4.09837749617199E-05
/home/rsiverd/ucd_project/ucd_targets/wise1828/r61240576/SPITZER_I2_61240576_0008_0000_1_clean.fits.fcat[CATALOG],114,1.71247406228758E-05,3.43631140142943E-05,3.81922352410413E-06,3.55740799304739E-05
/home/rsiverd/ucd_project/ucd_targets/wise1828/r61240576/SPITZER_I2_61240576_0009_0000_1_clean.fits.fcat[CATALOG],126,2.00288463929609E-05,3.70121805555309E-05,-1.3409265870123E-05,3.37398846877340E-05
/home/rsiverd/ucd_project/ucd_targets/wise1828/r61240832/SPITZER_I2_61240832_0001_0000_1_clean.fits.fcat[CATALOG],128,-1.4640282017808E-05,3.59425576696685E-05,-2.9518226405400E-06,3.27207629042669E-05
/home/rsiverd/ucd_project/ucd_targets/wise1828/r61240832/SPITZER_I2_61240832_0002_0000_1_clean.fits.fcat[CATALOG],126,2.93467423375659E-05,3.71986631444050E-05,-1.4332978999220E-05,3.56491662924384E-05
/home/rsiverd/ucd_project/ucd_targets/wise1828/r61240832/SPITZER_I2_61240832_0003_0000_1_clean.fits.fcat[CATALOG],145,-1.1426150194893E-05,3.53699104309610E-05,-1.0611362096568E-05,3.73940500883430E-05
/home/rsiverd/ucd_project/ucd_targets/wise1828/r61240832/SPITZER_I2_61240832_0004_0000_1_clean.fits.fcat[CATALOG],134,2.11049175504740E-05,3.65356412602179E-05,-9.2551404531349E-06,3.16576717271105E-05
/home/rsiverd/ucd_project/ucd_targets/wise1828/r61240832/SPITZER_I2_61240832_0005_0000_1_clean.fits.fcat[CATALOG],132,-3.4074330216071E-05,3.60972413287447E-05,-2.0915660305931E-05,3.21494580494571E-05
/home/rsiverd/ucd_project/ucd_targets/wise1828/r61240832/SPITZER_I2_61240832_0006_0000_1_clean.fits.fcat[CATALOG],138,-5.3733415938950E-07,3.97982741484170E-05,7.77603668744575E-06,3.98137178214042E-05
/home/rsiverd/ucd_project/ucd_targets/wise1828/r61240832/SPITZER_I2_61240832_0007_0000_1_clean.fits.fcat[CATALOG],128,1.57948030050647E-05,3.66962816544282E-05,-1.6151007924847E-05,3.68691559046768E-05
/home/rsiverd/ucd_project/ucd_targets/wise1828/r61240832/SPITZER_I2_61240832_0008_0000_1_clean.fits.fcat[CATALOG],130,-5.3469166687136E-05,4.07786141866972E-05,-3.1480559641750E-05,3.38237120169542E-05
/home/rsiverd/ucd_project/ucd_targets/wise1828/r61240832/SPITZER_I2_61240832_0009_0000_1_clean.fits.fcat[CATALOG],126,-1.5050485671963E-05,3.94411616991593E-05,-1.6018953550300E-05,3.64535686729713E-05
/home/rsiverd/ucd_project/ucd_targets/wise1828/r61241088/SPITZER_I2_61241088_0001_0000_1_clean.fits.fcat[CATALOG],137,4.27825954147920E-05,3.64759970595367E-05,-3.1275766449567E-05,3.57528163184793E-05
/home/rsiverd/ucd_project/ucd_targets/wise1828/r61241088/SPITZER_I2_61241088_0002_0000_1_clean.fits.fcat[CATALOG],133,1.73591341194878E-05,3.99071922079502E-05,-1.4552164998349E-05,3.72872356754808E-05
/home/rsiverd/ucd_project/ucd_targets/wise1828/r61241088/SPITZER_I2_61241088_0003_0000_1_clean.fits.fcat[CATALOG],145,2.16951627862727E-05,3.85340302811037E-05,-3.8954037435701E-05,3.38929330222069E-05
/home/rsiverd/ucd_project/ucd_targets/wise1828/r61241088/SPITZER_I2_61241088_0004_0000_1_clean.fits.fcat[CATALOG],136,-2.9564382316493E-05,3.43209953294437E-05,-5.6571056290977E-05,3.40066693372161E-05
/home/rsiverd/ucd_project/ucd_targets/wise1828/r61241088/SPITZER_I2_61241088_0005_0000_1_clean.fits.fcat[CATALOG],143,6.85039515815333E-05,3.71108620722035E-05,-5.6648163273109E-05,3.97059441204509E-05
/home/rsiverd/ucd_project/ucd_targets/wise1828/r61241088/SPITZER_I2_61241088_0006_0000_1_clean.fits.fcat[CATALOG],136,-7.1620734445332E-06,3.92858108993165E-05,-1.1837625129018E-05,3.61536330542455E-05
/home/rsiverd/ucd_project/ucd_targets/wise1828/r61241088/SPITZER_I2_61241088_0007_0000_1_clean.fits.fcat[CATALOG],139,6.51296306273252E-05,3.40623518628699E-05,-5.6792050944665E-05,3.38163477530947E-05
/home/rsiverd/ucd_project/ucd_targets/wise1828/r61241088/SPITZER_I2_61241088_0008_0000_1_clean.fits.fcat[CATALOG],140,4.18799607189157E-05,4.41746256000715E-05,-4.3067412850206E-05,3.92995358083576E-05
/home/rsiverd/ucd_project/ucd_targets/wise1828/r61241088/SPITZER_I2_61241088_0009_0000_1_clean.fits.fcat[CATALOG],143,5.07289004190170E-05,4.05244963403949E-05,-4.3715430631863E-05,3.85088905112723E-05
/home/rsiverd/ucd_project/ucd_targets/wise1828/r61241344/SPITZER_I2_61241344_0001_0000_1_clean.fits.fcat[CATALOG],128,-1.0760067368664E-05,3.89702073124791E-05,-2.7245158237931E-05,3.20881575861509E-05
/home/rsiverd/ucd_project/ucd_targets/wise1828/r61241344/SPITZER_I2_61241344_0002_0000_1_clean.fits.fcat[CATALOG],124,3.94093190436706E-05,3.56621947253602E-05,-4.8382048554174E-06,3.29345275456626E-05
/home/rsiverd/ucd_project/ucd_targets/wise1828/r61241344/SPITZER_I2_61241344_0003_0000_1_clean.fits.fcat[CATALOG],116,3.76506005750343E-05,4.07721203805442E-05,-2.8714560960096E-05,3.39833880651859E-05
/home/rsiverd/ucd_project/ucd_targets/wise1828/r61241344/SPITZER_I2_61241344_0004_0000_1_clean.fits.fcat[CATALOG],138,5.45310246309327E-05,3.90435926282473E-05,-5.3364844717407E-05,3.33115516189114E-05
/home/rsiverd/ucd_project/ucd_targets/wise1828/r61241344/SPITZER_I2_61241344_0005_0000_1_clean.fits.fcat[CATALOG],127,-3.6027345231559E-05,3.68036023538015E-05,-4.4280091344717E-05,3.90025298370082E-05
/home/rsiverd/ucd_project/ucd_targets/wise1828/r61241344/SPITZER_I2_61241344_0006_0000_1_clean.fits.fcat[CATALOG],138,7.36931503411142E-05,3.49938601445980E-05,-2.7134173876675E-05,3.65917841392315E-05
/home/rsiverd/ucd_project/ucd_targets/wise1828/r61241344/SPITZER_I2_61241344_0007_0000_1_clean.fits.fcat[CATALOG],123,-8.6705189232816E-06,4.10813264994356E-05,-3.8146909194125E-05,3.37939765386990E-05
/home/rsiverd/ucd_project/ucd_targets/wise1828/r61241344/SPITZER_I2_61241344_0008_0000_1_clean.fits.fcat[CATALOG],151,-1.8347809771057E-05,4.06327243992481E-05,-4.6589059000012E-05,4.52065916124360E-05
/home/rsiverd/ucd_project/ucd_targets/wise1828/r61241344/SPITZER_I2_61241344_0009_0000_1_clean.fits.fcat[CATALOG],133,1.47356826118993E-06,3.57481029440495E-05,-3.8668489679594E-05,3.64566632718739E-05
/home/rsiverd/ucd_project/ucd_targets/wise1828/r61245440/SPITZER_I2_61245440_0001_0000_1_clean.fits.fcat[CATALOG],121,0.000147807292762536,4.12898599821176E-05,-0.00016910823197591,2.79120430289962E-05
/home/rsiverd/ucd_project/ucd_targets/wise1828/r61245440/SPITZER_I2_61245440_0002_0000_1_clean.fits.fcat[CATALOG],126,0.000137396357047237,2.69400588342696E-05,2.47443159313576E-05,3.83082034562214E-05
/home/rsiverd/ucd_project/ucd_targets/wise1828/r61245440/SPITZER_I2_61245440_0003_0000_1_clean.fits.fcat[CATALOG],135,0.000154395861500233,3.65391730957880E-05,-0.00014574833167557,3.79832275240899E-05
/home/rsiverd/ucd_project/ucd_targets/wise1828/r61245440/SPITZER_I2_61245440_0004_0000_1_clean.fits.fcat[CATALOG],143,8.73746339493664E-05,4.52787234793779E-05,-0.00028569173159809,2.65002203689964E-05
/home/rsiverd/ucd_project/ucd_targets/wise1828/r61245440/SPITZER_I2_61245440_0005_0000_1_clean.fits.fcat[CATALOG],125,0.000145927359994857,3.33576818604114E-05,-0.00030914395582826,3.43762443456757E-05
/home/rsiverd/ucd_project/ucd_targets/wise1828/r61245440/SPITZER_I2_61245440_0006_0000_1_clean.fits.fcat[CATALOG],127,0.000238983123040270,3.62687399185148E-05,-5.5466679754090E-05,3.28631648127574E-05
/home/rsiverd/ucd_project/ucd_targets/wise1828/r61245440/SPITZER_I2_61245440_0007_0000_1_clean.fits.fcat[CATALOG],124,4.51950717206273E-05,3.98276412890732E-05,-0.00030337711219985,3.14297260397565E-05
/home/rsiverd/ucd_project/ucd_targets/wise1828/r61245440/SPITZER_I2_61245440_0008_0000_1_clean.fits.fcat[CATALOG],138,0.000106100844504908,4.19943622012384E-05,-0.00032354208557627,3.42298008775578E-05
/home/rsiverd/ucd_project/ucd_targets/wise1828/r61245440/SPITZER_I2_61245440_0009_0000_1_clean.fits.fcat[CATALOG],134,0.000210837320992141,2.80114885698037E-05,-8.1454606561948E-05,2.94016318497531E-05
/home/rsiverd/ucd_project/ucd_targets/wise1828/r61245696/SPITZER_I2_61245696_0001_0000_1_clean.fits.fcat[CATALOG],136,3.43604150998544E-06,3.56634021712440E-05,-1.0145667525662E-05,3.53320581025688E-05
/home/rsiverd/ucd_project/ucd_targets/wise1828/r61245696/SPITZER_I2_61245696_0002_0000_1_clean.fits.fcat[CATALOG],133,-2.0972621825876E-05,3.30165629862081E-05,-1.2820035976801E-05,3.73638679259290E-05
/home/rsiverd/ucd_project/ucd_targets/wise1828/r61245696/SPITZER_I2_61245696_0003_0000_1_clean.fits.fcat[CATALOG],135,6.97170303283201E-05,3.39393678667872E-05,-1.2752758841827E-05,3.45564743557906E-05
/home/rsiverd/ucd_project/ucd_targets/wise1828/r61245696/SPITZER_I2_61245696_0004_0000_1_clean.fits.fcat[CATALOG],127,-1.1793766248047E-06,3.38574024775233E-05,-2.0343956840918E-05,3.40509890966095E-05
/home/rsiverd/ucd_project/ucd_targets/wise1828/r61245696/SPITZER_I2_61245696_0005_0000_1_clean.fits.fcat[CATALOG],134,3.28306540779976E-05,4.02137208199659E-05,-3.0052543399605E-05,3.92662414102753E-05
/home/rsiverd/ucd_project/ucd_targets/wise1828/r61245696/SPITZER_I2_61245696_0006_0000_1_clean.fits.fcat[CATALOG],140,8.37524311236848E-07,3.90925571303157E-05,1.20544893533747E-05,3.15418173318178E-05
/home/rsiverd/ucd_project/ucd_targets/wise1828/r61245696/SPITZER_I2_61245696_0007_0000_1_clean.fits.fcat[CATALOG],139,3.60146904654357E-05,3.34667553778911E-05,-4.2250382531250E-05,3.40822230138846E-05
/home/rsiverd/ucd_project/ucd_targets/wise1828/r61245696/SPITZER_I2_61245696_0008_0000_1_clean.fits.fcat[CATALOG],119,3.16038608616509E-06,3.52325875172511E-05,3.67642476817309E-06,3.21737238028886E-05
/home/rsiverd/ucd_project/ucd_targets/wise1828/r61245696/SPITZER_I2_61245696_0009_0000_1_clean.fits.fcat[CATALOG],128,-1.3528225764503E-05,3.46278125979065E-05,-3.2946338324180E-05,3.58696482002505E-05
/home/rsiverd/ucd_project/ucd_targets/wise1828/r61245952/SPITZER_I2_61245952_0001_0000_1_clean.fits.fcat[CATALOG],129,5.84363719440261E-05,3.65157773964591E-05,-8.6287145180108E-06,4.07164603915258E-05
/home/rsiverd/ucd_project/ucd_targets/wise1828/r61245952/SPITZER_I2_61245952_0002_0000_1_clean.fits.fcat[CATALOG],132,3.59243339858039E-05,3.69274913390965E-05,-7.0169982464562E-06,3.61934826233904E-05
/home/rsiverd/ucd_project/ucd_targets/wise1828/r61245952/SPITZER_I2_61245952_0003_0000_1_clean.fits.fcat[CATALOG],122,0.000102620753210658,3.76030253809920E-05,-1.4054353147940E-06,3.30731055509258E-05
/home/rsiverd/ucd_project/ucd_targets/wise1828/r61245952/SPITZER_I2_61245952_0004_0000_1_clean.fits.fcat[CATALOG],116,7.21132421404036E-05,3.94593570420596E-05,-1.0326625368151E-06,3.43763411289663E-05
/home/rsiverd/ucd_project/ucd_targets/wise1828/r61245952/SPITZER_I2_61245952_0005_0000_1_clean.fits.fcat[CATALOG],116,5.18851027493383E-05,3.60839903112415E-05,-1.9468178596326E-05,3.64798311160683E-05
/home/rsiverd/ucd_project/ucd_targets/wise1828/r61245952/SPITZER_I2_61245952_0006_0000_1_clean.fits.fcat[CATALOG],137,8.36961756363052E-05,4.13685339020082E-05,5.05158340757816E-06,3.77182344571228E-05
/home/rsiverd/ucd_project/ucd_targets/wise1828/r61245952/SPITZER_I2_61245952_0007_0000_1_clean.fits.fcat[CATALOG],124,2.56071584203709E-05,4.02460816611864E-05,6.27076637726986E-07,3.38761941316707E-05
/home/rsiverd/ucd_project/ucd_targets/wise1828/r61245952/SPITZER_I2_61245952_0008_0000_1_clean.fits.fcat[CATALOG],132,5.86872983205921E-05,4.29942033786036E-05,-2.5981833758237E-05,2.91865720197785E-05
/home/rsiverd/ucd_project/ucd_targets/wise1828/r61245952/SPITZER_I2_61245952_0009_0000_1_clean.fits.fcat[CATALOG],135,4.57290677218225E-05,3.68695946260534E-05,-7.7467937238395E-06,3.77567699427061E-05
/home/rsiverd/ucd_project/ucd_targets/wise1828/r61246208/SPITZER_I2_61246208_0001_0000_1_clean.fits.fcat[CATALOG],126,4.47070215443545E-05,3.88645269014445E-05,-1.3974201349853E-05,3.26442821514432E-05
/home/rsiverd/ucd_project/ucd_targets/wise1828/r61246208/SPITZER_I2_61246208_0002_0000_1_clean.fits.fcat[CATALOG],132,4.29318178305493E-05,3.70097310894608E-05,-2.2809937322065E-05,3.71554720326683E-05
/home/rsiverd/ucd_project/ucd_targets/wise1828/r61246208/SPITZER_I2_61246208_0003_0000_1_clean.fits.fcat[CATALOG],138,-6.1738101351238E-06,4.10595110627369E-05,-1.8396430494505E-05,3.11208883289139E-05
/home/rsiverd/ucd_project/ucd_targets/wise1828/r61246208/SPITZER_I2_61246208_0004_0000_1_clean.fits.fcat[CATALOG],128,-1.6785122483042E-05,3.57086082717700E-05,5.07435997754157E-06,3.02690878461698E-05
/home/rsiverd/ucd_project/ucd_targets/wise1828/r61246208/SPITZER_I2_61246208_0005_0000_1_clean.fits.fcat[CATALOG],139,1.43887097010519E-05,4.00201139864481E-05,-3.0506555383169E-05,3.07396941419445E-05
/home/rsiverd/ucd_project/ucd_targets/wise1828/r61246208/SPITZER_I2_61246208_0006_0000_1_clean.fits.fcat[CATALOG],123,-3.0749282018405E-06,3.98384506149837E-05,-1.8944961603040E-05,3.41230019458346E-05
/home/rsiverd/ucd_project/ucd_targets/wise1828/r61246208/SPITZER_I2_61246208_0007_0000_1_clean.fits.fcat[CATALOG],120,6.89060517800044E-05,3.90152814365089E-05,-8.0817779757325E-06,3.48993231881869E-05
/home/rsiverd/ucd_project/ucd_targets/wise1828/r61246208/SPITZER_I2_61246208_0008_0000_1_clean.fits.fcat[CATALOG],125,-9.9265118933544E-06,4.12370506743544E-05,-2.3680693143290E-05,3.73749314999031E-05
/home/rsiverd/ucd_project/ucd_targets/wise1828/r61246208/SPITZER_I2_61246208_0009_0000_1_clean.fits.fcat[CATALOG],130,2.58140416917740E-05,3.37071446662572E-05,-1.7521780186768E-05,3.53238001596234E-05
/home/rsiverd/ucd_project/ucd_targets/wise1828/r61246464/SPITZER_I2_61246464_0001_0000_1_clean.fits.fcat[CATALOG],129,1.40805200885552E-05,3.78745772718672E-05,-3.4352643627499E-05,3.03831161629955E-05
/home/rsiverd/ucd_project/ucd_targets/wise1828/r61246464/SPITZER_I2_61246464_0002_0000_1_clean.fits.fcat[CATALOG],130,-6.4279494722541E-06,3.22440540729351E-05,-5.9863398160331E-05,3.41787180193332E-05
/home/rsiverd/ucd_project/ucd_targets/wise1828/r61246464/SPITZER_I2_61246464_0003_0000_1_clean.fits.fcat[CATALOG],137,-8.1343104056941E-06,3.50497360834239E-05,-2.0801418134652E-05,3.03977447747205E-05
/home/rsiverd/ucd_project/ucd_targets/wise1828/r61246464/SPITZER_I2_61246464_0004_0000_1_clean.fits.fcat[CATALOG],136,-7.5400954244742E-06,3.69481450813419E-05,-4.1575165472096E-05,2.92005463803834E-05
/home/rsiverd/ucd_project/ucd_targets/wise1828/r61246464/SPITZER_I2_61246464_0005_0000_1_clean.fits.fcat[CATALOG],134,4.62937565259835E-05,4.35617005526922E-05,-1.5349622504601E-05,3.74182071669835E-05
/home/rsiverd/ucd_project/ucd_targets/wise1828/r61246464/SPITZER_I2_61246464_0007_0000_1_clean.fits.fcat[CATALOG],133,3.24931037880560E-05,3.18109166515724E-05,-8.4787191489965E-06,3.12268521844408E-05
/home/rsiverd/ucd_project/ucd_targets/wise1828/r61246464/SPITZER_I2_61246464_0008_0000_1_clean.fits.fcat[CATALOG],128,6.24601051697482E-05,3.76082856156457E-05,-4.7867311851135E-05,3.62918579818237E-05
/home/rsiverd/ucd_project/ucd_targets/wise1828/r61246464/SPITZER_I2_61246464_0009_0000_1_clean.fits.fcat[CATALOG],146,3.12976859504487E-05,3.89195523672112E-05,-5.3676364325738E-05,4.01926219368693E-05
/home/rsiverd/ucd_project/ucd_targets/wise1828/r61246720/SPITZER_I2_61246720_0001_0000_1_clean.fits.fcat[CATALOG],142,3.51503587410206E-05,3.56607225890674E-05,-3.4150595579873E-05,3.46103066157140E-05
/home/rsiverd/ucd_project/ucd_targets/wise1828/r61246720/SPITZER_I2_61246720_0002_0000_1_clean.fits.fcat[CATALOG],127,8.12654368473886E-05,3.52585691047147E-05,-3.1058355911994E-05,3.35074767794977E-05
/home/rsiverd/ucd_project/ucd_targets/wise1828/r61246720/SPITZER_I2_61246720_0003_0000_1_clean.fits.fcat[CATALOG],126,3.08631529151171E-05,3.72260653332780E-05,-4.2190140286280E-05,3.28801950809396E-05
/home/rsiverd/ucd_project/ucd_targets/wise1828/r61246720/SPITZER_I2_61246720_0004_0000_1_clean.fits.fcat[CATALOG],129,6.46995013084961E-05,3.60751326530816E-05,-4.4319161940364E-05,3.87733725327578E-05
/home/rsiverd/ucd_project/ucd_targets/wise1828/r61246720/SPITZER_I2_61246720_0005_0000_1_clean.fits.fcat[CATALOG],123,1.97537883650511E-06,5.03782964275232E-05,-5.1846474381278E-05,3.35839570049370E-05
/home/rsiverd/ucd_project/ucd_targets/wise1828/r61246720/SPITZER_I2_61246720_0006_0000_1_clean.fits.fcat[CATALOG],129,5.18693720437113E-05,4.58512136904951E-05,-3.6015588769089E-06,3.49694693490197E-05
/home/rsiverd/ucd_project/ucd_targets/wise1828/r61246720/SPITZER_I2_61246720_0007_0000_1_clean.fits.fcat[CATALOG],125,3.21539783953994E-06,3.98639627841309E-05,-6.0831288035245E-05,3.47483985837934E-05
/home/rsiverd/ucd_project/ucd_targets/wise1828/r61246720/SPITZER_I2_61246720_0008_0000_1_clean.fits.fcat[CATALOG],135,5.1260339489545E-05,3.45961764791518E-05,-2.9994794239485E-05,3.05661975996831E-05
/home/rsiverd/ucd_project/ucd_targets/wise1828/r61246720/SPITZER_I2_61246720_0009_0000_1_clean.fits.fcat[CATALOG],139,3.65811507094804E-05,4.08342566173005E-05,-3.3664964803392E-05,3.21951508067284E-05
/home/rsiverd/ucd_project/ucd_targets/wise1828/r61246976/SPITZER_I2_61246976_0001_0000_1_clean.fits.fcat[CATALOG],128,3.18315241258915E-05,3.14267500635261E-05,-1.4221823597893E-05,3.09800822320086E-05
/home/rsiverd/ucd_project/ucd_targets/wise1828/r61246976/SPITZER_I2_61246976_0002_0000_1_clean.fits.fcat[CATALOG],137,1.52087562810265E-05,3.46942326139044E-05,2.65725188235421E-05,4.10896952688482E-05
/home/rsiverd/ucd_project/ucd_targets/wise1828/r61246976/SPITZER_I2_61246976_0003_0000_1_clean.fits.fcat[CATALOG],126,1.16518546917632E-05,3.99297152274468E-05,-6.4108382941796E-05,3.32728525223198E-05
/home/rsiverd/ucd_project/ucd_targets/wise1828/r61246976/SPITZER_I2_61246976_0004_0000_1_clean.fits.fcat[CATALOG],138,3.08484982554091E-05,3.63775989109811E-05,-1.7545661609830E-05,3.48209095954376E-05
/home/rsiverd/ucd_project/ucd_targets/wise1828/r61246976/SPITZER_I2_61246976_0005_0000_1_clean.fits.fcat[CATALOG],126,-1.3377370152056E-05,4.20457889793561E-05,-5.2315045971695E-05,3.81957298386905E-05
/home/rsiverd/ucd_project/ucd_targets/wise1828/r61246976/SPITZER_I2_61246976_0006_0000_1_clean.fits.fcat[CATALOG],131,8.7511995047862E-05,3.88665583576674E-05,8.75960676793852E-06,2.80164613463122E-05
/home/rsiverd/ucd_project/ucd_targets/wise1828/r61246976/SPITZER_I2_61246976_0007_0000_1_clean.fits.fcat[CATALOG],125,-1.7013882882110E-05,3.35590964499871E-05,-6.0505604434268E-05,3.05947115335715E-05
/home/rsiverd/ucd_project/ucd_targets/wise1828/r61246976/SPITZER_I2_61246976_0008_0000_1_clean.fits.fcat[CATALOG],128,1.44641515475996E-05,3.98544579059862E-05,-1.8445403709321E-05,2.83989790221966E-05
/home/rsiverd/ucd_project/ucd_targets/wise1828/r61246976/SPITZER_I2_61246976_0009_0000_1_clean.fits.fcat[CATALOG],129,2.38095639133462E-05,4.56984061455750E-05,-2.8736673520768E-05,3.38078361724297E-05
